object_id,model,params,back_step,feature_set,test_set,preds,errors,rmse,mape,simple_rmse,simple_mape,rmse_gain,mape_gain
1_1_16_8,LightGBM,"{""boosting_type"": ""gbdt"", ""objective"": ""regression"", ""metric"": [""l2"", ""l1""], ""learning_rate"": 0.05, ""feature_fraction"": 0.9, ""bagging_fraction"": 0.8, ""bagging_freq"": 5, ""verbose"": -1}",4.0,"[""lag_28"", ""rmean_28_7"", ""rmean_28_28"", ""weekday"", ""weekofyear"", ""month"", ""quarter"", ""year""]","[54.0, 63.0, 72.0, 51.0, 43.0, 43.0, 48.0, 55.0, 41.0, 29.0, 30.0, 38.0]","[47.08848095661382, 52.01116563532385, 59.856522412488076, 59.856522412488076, 42.16918366913391, 13.622565282225075, 19.452711028148865, 28.23134066282576, 14.586436458282963, 20.62997015649271, 19.73403728706478, 38.45228112178814]","{""RMSE"": 17.517900266610592, ""MAPE"": Infinity, ""SMAPE"": 0.20571694466362117, ""MAE"": 14.006671123051584, ""MD"": -12.784517077302107}",17.517900266610592,inf,22.847543023752515,,-5.329642757141922,
